{
  "confusion_matrix": {
    "tn": 0,
    "fp": 0,
    "fn": 141,
    "tp": 0
  },
  "basic_metrics": {
    "accuracy": 0.0,
    "precision": 0,
    "recall": 0.0,
    "f1": 0.0,
    "false_positive_rate": 0,
    "false_negative_rate": 1.0,
    "specificity": 0,
    "false_accept_rate": 0,
    "false_reject_rate": 1.0,
    "equal_error_rate": 0.5
  },
  "curves": {
    "roc": {
      "fpr": [
        NaN,
        NaN,
        NaN
      ],
      "tpr": [
        0.0,
        0.0070921985815602835,
        1.0
      ],
      "thresholds": [
        Infinity,
        0.47322195768356323,
        4.673004150390625e-05
      ],
      "auc": NaN
    },
    "pr": {
      "precision": [
        1.0,
        1.0,
        1.0,
        1.0,
        1.0,
        1.0,
        1.0,
        1.0,
        1.0,
        1.0,
        1.0,
        1.0,
        1.0,
        1.0,
        1.0,
        1.0,
        1.0,
        1.0,
        1.0,
        1.0,
        1.0,
        1.0,
        1.0,
        1.0,
        1.0,
        1.0,
        1.0,
        1.0,
        1.0,
        1.0,
        1.0,
        1.0,
        1.0,
        1.0,
        1.0,
        1.0,
        1.0,
        1.0,
        1.0,
        1.0,
        1.0,
        1.0,
        1.0,
        1.0,
        1.0,
        1.0,
        1.0,
        1.0,
        1.0,
        1.0,
        1.0,
        1.0,
        1.0,
        1.0,
        1.0,
        1.0,
        1.0,
        1.0,
        1.0,
        1.0,
        1.0,
        1.0,
        1.0,
        1.0,
        1.0,
        1.0,
        1.0,
        1.0,
        1.0,
        1.0,
        1.0,
        1.0,
        1.0,
        1.0,
        1.0,
        1.0,
        1.0,
        1.0,
        1.0,
        1.0,
        1.0,
        1.0,
        1.0,
        1.0,
        1.0,
        1.0,
        1.0,
        1.0,
        1.0,
        1.0,
        1.0,
        1.0,
        1.0,
        1.0,
        1.0,
        1.0,
        1.0,
        1.0,
        1.0,
        1.0,
        1.0,
        1.0,
        1.0,
        1.0,
        1.0,
        1.0,
        1.0,
        1.0,
        1.0,
        1.0,
        1.0,
        1.0,
        1.0,
        1.0,
        1.0,
        1.0,
        1.0,
        1.0,
        1.0,
        1.0,
        1.0,
        1.0,
        1.0,
        1.0,
        1.0,
        1.0,
        1.0,
        1.0,
        1.0,
        1.0,
        1.0,
        1.0,
        1.0,
        1.0,
        1.0,
        1.0,
        1.0,
        1.0,
        1.0,
        1.0,
        1.0,
        1.0
      ],
      "recall": [
        1.0,
        0.9929078014184397,
        0.9858156028368794,
        0.9787234042553191,
        0.9716312056737588,
        0.9645390070921985,
        0.9574468085106383,
        0.950354609929078,
        0.9432624113475178,
        0.9361702127659575,
        0.9290780141843972,
        0.9219858156028369,
        0.9148936170212766,
        0.9078014184397163,
        0.900709219858156,
        0.8936170212765957,
        0.8865248226950354,
        0.8794326241134752,
        0.8723404255319149,
        0.8652482269503546,
        0.8581560283687943,
        0.851063829787234,
        0.8439716312056738,
        0.8368794326241135,
        0.8297872340425532,
        0.8226950354609929,
        0.8156028368794326,
        0.8085106382978723,
        0.8014184397163121,
        0.7943262411347518,
        0.7872340425531915,
        0.7801418439716312,
        0.7730496453900709,
        0.7659574468085106,
        0.7588652482269503,
        0.75177304964539,
        0.7446808510638298,
        0.7375886524822695,
        0.7304964539007093,
        0.723404255319149,
        0.7163120567375887,
        0.7092198581560284,
        0.7021276595744681,
        0.6950354609929078,
        0.6879432624113475,
        0.6808510638297872,
        0.6737588652482269,
        0.6666666666666666,
        0.6595744680851063,
        0.6524822695035462,
        0.6453900709219859,
        0.6382978723404256,
        0.6312056737588653,
        0.624113475177305,
        0.6170212765957447,
        0.6099290780141844,
        0.6028368794326241,
        0.5957446808510638,
        0.5886524822695035,
        0.5815602836879432,
        0.574468085106383,
        0.5673758865248227,
        0.5602836879432624,
        0.5531914893617021,
        0.5460992907801419,
        0.5390070921985816,
        0.5319148936170213,
        0.524822695035461,
        0.5177304964539007,
        0.5106382978723404,
        0.5035460992907801,
        0.49645390070921985,
        0.48936170212765956,
        0.48226950354609927,
        0.475177304964539,
        0.46808510638297873,
        0.46099290780141844,
        0.45390070921985815,
        0.44680851063829785,
        0.4397163120567376,
        0.4326241134751773,
        0.425531914893617,
        0.41843971631205673,
        0.41134751773049644,
        0.40425531914893614,
        0.3971631205673759,
        0.3900709219858156,
        0.3829787234042553,
        0.375886524822695,
        0.36879432624113473,
        0.3617021276595745,
        0.3546099290780142,
        0.3475177304964539,
        0.3404255319148936,
        0.3333333333333333,
        0.3262411347517731,
        0.3191489361702128,
        0.3120567375886525,
        0.3049645390070922,
        0.2978723404255319,
        0.2907801418439716,
        0.28368794326241137,
        0.2765957446808511,
        0.2695035460992908,
        0.2624113475177305,
        0.2553191489361702,
        0.24822695035460993,
        0.24113475177304963,
        0.23404255319148937,
        0.22695035460992907,
        0.2198581560283688,
        0.2127659574468085,
        0.20567375886524822,
        0.19858156028368795,
        0.19148936170212766,
        0.18439716312056736,
        0.1773049645390071,
        0.1702127659574468,
        0.16312056737588654,
        0.15602836879432624,
        0.14893617021276595,
        0.14184397163120568,
        0.1347517730496454,
        0.1276595744680851,
        0.12056737588652482,
        0.11347517730496454,
        0.10638297872340426,
        0.09929078014184398,
        0.09219858156028368,
        0.0851063829787234,
        0.07801418439716312,
        0.07092198581560284,
        0.06382978723404255,
        0.05673758865248227,
        0.04964539007092199,
        0.0425531914893617,
        0.03546099290780142,
        0.028368794326241134,
        0.02127659574468085,
        0.014184397163120567,
        0.0070921985815602835,
        0.0
      ],