{
  "confusion_matrix": {
    "tn": 0,
    "fp": 0,
    "fn": 101,
    "tp": 0
  },
  "basic_metrics": {
    "accuracy": 0.0,
    "precision": 0,
    "recall": 0.0,
    "f1": 0.0,
    "false_positive_rate": 0,
    "false_negative_rate": 1.0,
    "specificity": 0,
    "false_accept_rate": 0,
    "false_reject_rate": 1.0,
    "equal_error_rate": 0.5
  },
  "curves": {
    "roc": {
      "fpr": [
        NaN,
        NaN,
        NaN,
        NaN,
        NaN
      ],
      "tpr": [
        0.0,
        0.009900990099009901,
        0.8712871287128713,
        0.8910891089108911,
        1.0
      ],
      "thresholds": [
        Infinity,
        0.38593608140945435,
        9.942054748535156e-05,
        9.632110595703125e-05,
        4.982948303222656e-05
      ],
      "auc": NaN
    },
    "pr": {
      "precision": [
        1.0,
        1.0,
        1.0,
        1.0,
        1.0,
        1.0,
        1.0,
        1.0,
        1.0,
        1.0,
        1.0,
        1.0,
        1.0,
        1.0,
        1.0,
        1.0,
        1.0,
        1.0,
        1.0,
        1.0,
        1.0,
        1.0,
        1.0,
        1.0,
        1.0,
        1.0,
        1.0,
        1.0,
        1.0,
        1.0,
        1.0,
        1.0,
        1.0,
        1.0,
        1.0,
        1.0,
        1.0,
        1.0,
        1.0,
        1.0,
        1.0,
        1.0,
        1.0,
        1.0,
        1.0,
        1.0,
        1.0,
        1.0,
        1.0,
        1.0,
        1.0,
        1.0,
        1.0,
        1.0,
        1.0,
        1.0,
        1.0,
        1.0,
        1.0,
        1.0,
        1.0,
        1.0,
        1.0,
        1.0,
        1.0,
        1.0,
        1.0,
        1.0,
        1.0,
        1.0,
        1.0,
        1.0,
        1.0,
        1.0,
        1.0,
        1.0,
        1.0,
        1.0,
        1.0,
        1.0,
        1.0,
        1.0,
        1.0,
        1.0,
        1.0,
        1.0,
        1.0,
        1.0,
        1.0,
        1.0,
        1.0,
        1.0,
        1.0,
        1.0,
        1.0,
        1.0,
        1.0,
        1.0,
        1.0,
        1.0,
        1.0
      ],
      "recall": [
        1.0,
        0.9900990099009901,
        0.9801980198019802,
        0.9702970297029703,
        0.9603960396039604,
        0.9504950495049505,
        0.9405940594059405,
        0.9306930693069307,
        0.9207920792079208,
        0.9108910891089109,
        0.900990099009901,
        0.8910891089108911,
        0.8712871287128713,
        0.8613861386138614,
        0.8514851485148515,
        0.8415841584158416,
        0.8316831683168316,
        0.8217821782178217,
        0.8118811881188119,
        0.801980198019802,
        0.7920792079207921,
        0.7821782178217822,
        0.7722772277227723,
        0.7623762376237624,
        0.7524752475247525,
        0.7425742574257426,
        0.7326732673267327,
        0.7227722772277227,
        0.7128712871287128,
        0.7029702970297029,
        0.693069306930693,
        0.6831683168316832,
        0.6732673267326733,
        0.6633663366336634,
        0.6534653465346535,
        0.6435643564356436,
        0.6336633663366337,
        0.6237623762376238,
        0.6138613861386139,
        0.6039603960396039,
        0.594059405940594,
        0.5841584158415841,
        0.5742574257425742,
        0.5643564356435643,
        0.5544554455445545,
        0.5445544554455446,
        0.5346534653465347,
        0.5247524752475248,
        0.5148514851485149,
        0.504950495049505,
        0.49504950495049505,
        0.48514851485148514,
        0.4752475247524752,
        0.46534653465346537,
        0.45544554455445546,
        0.44554455445544555,
        0.43564356435643564,
        0.42574257425742573,
        0.4158415841584158,
        0.40594059405940597,
        0.39603960396039606,
        0.38613861386138615,
        0.37623762376237624,
        0.36633663366336633,
        0.3564356435643564,
        0.3465346534653465,
        0.33663366336633666,
        0.32673267326732675,
        0.31683168316831684,
        0.3069306930693069,
        0.297029702970297,
        0.2871287128712871,
        0.27722772277227725,
        0.26732673267326734,
        0.25742574257425743,
        0.24752475247524752,
        0.2376237623762376,
        0.22772277227722773,
        0.21782178217821782,
        0.2079207920792079,
        0.19801980198019803,
        0.18811881188118812,
        0.1782178217821782,
        0.16831683168316833,
        0.15841584158415842,
        0.1485148514851485,
        0.13861386138613863,
        0.12871287128712872,
        0.1188118811881188,
        0.10891089108910891,
        0.09900990099009901,
        0.0891089108910891,
        0.07920792079207921,
        0.06930693069306931,
        0.0594059405940594,
        0.04950495049504951,
        0.039603960396039604,
        0.0297029702970297,
        0.019801980198019802,
        0.009900990099009901,
        0.0
      ],