{
  "config_file": "evaluation_text_detector/config/NSFW_text_classifier.yaml",
  "timestamp": "2025-03-03T13:48:11.099179",
  "dataset": "data/text_checker_eval/text_checker_eval.json",
  "detectors": [
    "NSFW_text_classifier"
  ],
  "results_summary": {
    "NSFW_text_classifier": {
      "accuracy": 0.8106423243905154,
      "precision": 0.7139519359145527,
      "recall": 0.717063359034529,
      "f1": 0.7155042649272454,
      "roc_auc": 0.8704382891943233,
      "average_precision": 0.8125500748649821
    }
  },
  "category_breakdown_summary": {
    "NSFW_text_classifier": {
      "safe": {
        "count": 6000,
        "accuracy": 0.8571666666666666,
        "precision": 0.0,
        "recall": 0,
        "f1": 0.0
      },
      "illegal activity": {
        "count": 259,
        "accuracy": 0.722007722007722,
        "precision": 1.0,
        "recall": 0.722007722007722,
        "f1": 0.8385650224215246
      },
      "shocking": {
        "count": 612,
        "accuracy": 0.6437908496732027,
        "precision": 1.0,
        "recall": 0.6437908496732027,
        "f1": 0.7833001988071571
      },
      "hate content": {
        "count": 366,
        "accuracy": 0.9262295081967213,
        "precision": 1.0,
        "recall": 0.9262295081967213,
        "f1": 0.9617021276595744
      },
      "discrimination and disinformation": {
        "count": 519,
        "accuracy": 0.7591522157996147,
        "precision": 1.0,
        "recall": 0.7591522157996147,
        "f1": 0.8630887185104053
      },
      "nudity and sexual content": {
        "count": 552,
        "accuracy": 0.8695652173913043,
        "precision": 1.0,
        "recall": 0.8695652173913043,
        "f1": 0.9302325581395349
      },
      "harassment": {
        "count": 7,
        "accuracy": 0.7142857142857143,
        "precision": 1.0,
        "recall": 0.7142857142857143,
        "f1": 0.8333333333333334
      },
      "physical harm and violence": {
        "count": 129,
        "accuracy": 0.7674418604651163,
        "precision": 1.0,
        "recall": 0.7674418604651163,
        "f1": 0.868421052631579
      },
      "copyright infringement": {
        "count": 543,
        "accuracy": 0.4548802946593002,
        "precision": 1.0,
        "recall": 0.4548802946593002,
        "f1": 0.6253164556962025
      },
      "abuse": {
        "count": 3,
        "accuracy": 0.3333333333333333,
        "precision": 1.0,
        "recall": 0.3333333333333333,
        "f1": 0.5
      }
    }
  }
}