{
  "confusion_matrix": {
    "tn": 0,
    "fp": 0,
    "fn": 129,
    "tp": 0
  },
  "basic_metrics": {
    "accuracy": 0.0,
    "precision": 0,
    "recall": 0.0,
    "f1": 0.0,
    "false_positive_rate": 0,
    "false_negative_rate": 1.0,
    "specificity": 0,
    "false_accept_rate": 0,
    "false_reject_rate": 1.0,
    "equal_error_rate": 0.5
  },
  "curves": {
    "roc": {
      "fpr": [
        NaN,
        NaN,
        NaN
      ],
      "tpr": [
        0.0,
        0.007751937984496124,
        1.0
      ],
      "thresholds": [
        Infinity,
        0.4345357418060303,
        4.076957702636719e-05
      ],
      "auc": NaN
    },
    "pr": {
      "precision": [
        1.0,
        1.0,
        1.0,
        1.0,
        1.0,
        1.0,
        1.0,
        1.0,
        1.0,
        1.0,
        1.0,
        1.0,
        1.0,
        1.0,
        1.0,
        1.0,
        1.0,
        1.0,
        1.0,
        1.0,
        1.0,
        1.0,
        1.0,
        1.0,
        1.0,
        1.0,
        1.0,
        1.0,
        1.0,
        1.0,
        1.0,
        1.0,
        1.0,
        1.0,
        1.0,
        1.0,
        1.0,
        1.0,
        1.0,
        1.0,
        1.0,
        1.0,
        1.0,
        1.0,
        1.0,
        1.0,
        1.0,
        1.0,
        1.0,
        1.0,
        1.0,
        1.0,
        1.0,
        1.0,
        1.0,
        1.0,
        1.0,
        1.0,
        1.0,
        1.0,
        1.0,
        1.0,
        1.0,
        1.0,
        1.0,
        1.0,
        1.0,
        1.0,
        1.0,
        1.0,
        1.0,
        1.0,
        1.0,
        1.0,
        1.0,
        1.0,
        1.0,
        1.0,
        1.0,
        1.0,
        1.0,
        1.0,
        1.0,
        1.0,
        1.0,
        1.0,
        1.0,
        1.0,
        1.0,
        1.0,
        1.0,
        1.0,
        1.0,
        1.0,
        1.0,
        1.0,
        1.0,
        1.0,
        1.0,
        1.0,
        1.0,
        1.0,
        1.0,
        1.0,
        1.0,
        1.0,
        1.0,
        1.0,
        1.0,
        1.0,
        1.0,
        1.0,
        1.0,
        1.0,
        1.0,
        1.0,
        1.0,
        1.0,
        1.0,
        1.0,
        1.0,
        1.0,
        1.0,
        1.0,
        1.0,
        1.0,
        1.0,
        1.0,
        1.0,
        1.0
      ],
      "recall": [
        1.0,
        0.9922480620155039,
        0.9844961240310077,
        0.9767441860465116,
        0.9689922480620154,
        0.9612403100775194,
        0.9534883720930233,
        0.9457364341085271,
        0.937984496124031,
        0.9302325581395349,
        0.9224806201550387,
        0.9147286821705426,
        0.9069767441860465,
        0.8992248062015504,
        0.8914728682170543,
        0.8837209302325582,
        0.875968992248062,
        0.8682170542635659,
        0.8604651162790697,
        0.8527131782945736,
        0.8449612403100775,
        0.8372093023255814,
        0.8294573643410853,
        0.8217054263565892,
        0.813953488372093,
        0.8062015503875969,
        0.7984496124031008,
        0.7906976744186046,
        0.7829457364341085,
        0.7751937984496124,
        0.7674418604651163,
        0.7596899224806202,
        0.751937984496124,
        0.7441860465116279,
        0.7364341085271318,
        0.7286821705426356,
        0.7209302325581395,
        0.7131782945736435,
        0.7054263565891473,
        0.6976744186046512,
        0.689922480620155,
        0.6821705426356589,
        0.6744186046511628,
        0.6666666666666666,
        0.6589147286821705,
        0.6511627906976745,
        0.6434108527131783,
        0.6356589147286822,
        0.627906976744186,
        0.6201550387596899,
        0.6124031007751938,
        0.6046511627906976,
        0.5968992248062015,
        0.5891472868217055,
        0.5813953488372093,
        0.5736434108527132,
        0.5658914728682171,
        0.5581395348837209,
        0.5503875968992248,
        0.5426356589147286,
        0.5348837209302325,
        0.5271317829457365,
        0.5193798449612403,
        0.5116279069767442,
        0.5038759689922481,
        0.49612403100775193,
        0.4883720930232558,
        0.4806201550387597,
        0.4728682170542636,
        0.46511627906976744,
        0.4573643410852713,
        0.4496124031007752,
        0.4418604651162791,
        0.43410852713178294,
        0.4263565891472868,
        0.4186046511627907,
        0.4108527131782946,
        0.40310077519379844,
        0.3953488372093023,
        0.3875968992248062,
        0.3798449612403101,
        0.37209302325581395,
        0.3643410852713178,
        0.35658914728682173,
        0.3488372093023256,
        0.34108527131782945,
        0.3333333333333333,
        0.32558139534883723,
        0.3178294573643411,
        0.31007751937984496,
        0.3023255813953488,
        0.29457364341085274,
        0.2868217054263566,
        0.27906976744186046,
        0.2713178294573643,
        0.26356589147286824,
        0.2558139534883721,
        0.24806201550387597,
        0.24031007751937986,
        0.23255813953488372,
        0.2248062015503876,
        0.21705426356589147,
        0.20930232558139536,
        0.20155038759689922,
        0.1937984496124031,
        0.18604651162790697,
        0.17829457364341086,
        0.17054263565891473,
        0.16279069767441862,
        0.15503875968992248,
        0.14728682170542637,
        0.13953488372093023,
        0.13178294573643412,
        0.12403100775193798,
        0.11627906976744186,
        0.10852713178294573,
        0.10077519379844961,
        0.09302325581395349,
        0.08527131782945736,
        0.07751937984496124,
        0.06976744186046512,
        0.06201550387596899,
        0.05426356589147287,
        0.046511627906976744,
        0.03875968992248062,
        0.031007751937984496,
        0.023255813953488372,
        0.015503875968992248,
        0.007751937984496124,
        0.0
      ],